Names,code
sofaraway123,sofaraway123
sofaraway123,225
sofaraway123,3421
sofaraway123,3429
sofaraway123,3453
sofaraway123,3476
sofaraway123,3464
sofaraway123,2627341009
sofaraway123,sofaraway123
sofaraway123,225
sofaraway123,3421
sofaraway123,3429
sofaraway123,3453
sofaraway123,3476
sofaraway123,3464
sofaraway123,2627341009
sofaraway123,225
sofaraway123,sofaraway123
sofaraway123,225
sofaraway123,3421
sofaraway123,3429
sofaraway123,3453
sofaraway123,3476
sofaraway123,3464
sofaraway123,783414082
sofaraway123,2627341009
sofaraway123,sofaraway123
sofaraway123,225
sofaraway123,3421
sofaraway123,3429
sofaraway123,3453
sofaraway123,3476
sofaraway123,3464
sofaraway123,783414082
sofaraway123,2627341009
sofaraway123,225
huangchaohui,huangchaohui
huangchaohui,301
huangchaohui,2216816591
huangchaohui,2777107731
huangchaohui,2777107731
huangchaohui,2777040950
huangchaohui,2776910903
huangchaohui,2776976424
huangchaohui,2777042730
huangchaohui,2777107516
huangchaohui,2777042217
huangchaohui,2776976447
huangchaohui,2776911132
huangchaohui,2776911388
huangchaohui,2776975657
huangchaohui,2626224710
huangchaohui,huangchaohui
huangchaohui,301
huangchaohui,2216816591
huangchaohui,2777107731
huangchaohui,2777107731
huangchaohui,2777040950
huangchaohui,2776910903
huangchaohui,2776976424
huangchaohui,2777042730
huangchaohui,2777107516
huangchaohui,2777042217
huangchaohui,2776976447
huangchaohui,2776911132
huangchaohui,2776911388
huangchaohui,2776975657
huangchaohui,2626224710
huangchaohui,301
huangchaohui,huangchaohui
huangchaohui,301
huangchaohui,2216816591
huangchaohui,2777107731
huangchaohui,2777107731
huangchaohui,2777040950
huangchaohui,2776910903
huangchaohui,2776976424
huangchaohui,2777042730
huangchaohui,2777107516
huangchaohui,2777042217
huangchaohui,2776976447
huangchaohui,2776911132
huangchaohui,2776911388
huangchaohui,2776975657
huangchaohui,249742221
huangchaohui,2626224710
huangchaohui,huangchaohui
huangchaohui,301
huangchaohui,2216816591
huangchaohui,2777107731
huangchaohui,2777107731
huangchaohui,2777040950
huangchaohui,2776910903
huangchaohui,2776976424
huangchaohui,2777042730
huangchaohui,2777107516
huangchaohui,2777042217
huangchaohui,2776976447
huangchaohui,2776911132
huangchaohui,2776911388
huangchaohui,2776975657
huangchaohui,249742221
huangchaohui,2626224710
huangchaohui,301
fuckeveryday,fuckeveryday
fuckeveryday,202
fuckeveryday,4289985154
fuckeveryday,2626290878
fuckeveryday,fuckeveryday
fuckeveryday,202
fuckeveryday,4289985154
fuckeveryday,2626290878
fuckeveryday,202
hvideoman123,hvideoman123
hvideoman123,3
hvideoman123,4007260964
hvideoman123,2625634764
hvideoman123,hvideoman123
hvideoman123,3
hvideoman123,4007260964
hvideoman123,2625634764
hvideoman123,3
azbykaeoswal,azbykaeoswal
azbykaeoswal,335
azbykaeoswal,4713
azbykaeoswal,4705
azbykaeoswal,4671
azbykaeoswal,4709
azbykaeoswal,2626030040
azbykaeoswal,azbykaeoswal
azbykaeoswal,335
azbykaeoswal,4713
azbykaeoswal,4705
azbykaeoswal,4671
azbykaeoswal,4709
azbykaeoswal,2626030040
azbykaeoswal,335
azbykaeoswal,azbykaeoswal
azbykaeoswal,335
azbykaeoswal,4713
azbykaeoswal,4705
azbykaeoswal,4671
azbykaeoswal,4709
azbykaeoswal,4236687998
azbykaeoswal,2626030040
azbykaeoswal,azbykaeoswal
azbykaeoswal,335
azbykaeoswal,4713
azbykaeoswal,4705
azbykaeoswal,4671
azbykaeoswal,4709
azbykaeoswal,4236687998
azbykaeoswal,2626030040
azbykaeoswal,335
eybcnovuuswo,eybcnovuuswo
eybcnovuuswo,2
eybcnovuuswo,3533147688
eybcnovuuswo,2625904090
eybcnovuuswo,eybcnovuuswo
eybcnovuuswo,2
eybcnovuuswo,3533147688
eybcnovuuswo,2625904090
eybcnovuuswo,2
wfshum111222,wfshum111222
wfshum111222,301
wfshum111222,2303275851
wfshum111222,2625838727
wfshum111222,wfshum111222
wfshum111222,301
wfshum111222,2303275851
wfshum111222,2625838727
wfshum111222,301
gm3tmmjrgyge,gm3tmmjrgyge
gm3tmmjrgyge,17
gm3tmmjrgyge,1596338122
gm3tmmjrgyge,2625775449
gm3tmmjrgyge,gm3tmmjrgyge
gm3tmmjrgyge,17
gm3tmmjrgyge,1596338122
gm3tmmjrgyge,2625775449
gm3tmmjrgyge,17
gu3timbtgyge,gu3timbtgyge
gu3timbtgyge,725
gu3timbtgyge,860
gu3timbtgyge,862
gu3timbtgyge,864
gu3timbtgyge,2625251494
gu3timbtgyge,gu3timbtgyge
gu3timbtgyge,725
gu3timbtgyge,860
gu3timbtgyge,862
gu3timbtgyge,864
gu3timbtgyge,2625251494
gu3timbtgyge,725
gu3timbtgyge,gu3timbtgyge
gu3timbtgyge,725
gu3timbtgyge,860
gu3timbtgyge,862
gu3timbtgyge,864
gu3timbtgyge,1361457074
gu3timbtgyge,2625251494
gu3timbtgyge,gu3timbtgyge
gu3timbtgyge,725
gu3timbtgyge,860
gu3timbtgyge,862
gu3timbtgyge,864
gu3timbtgyge,1361457074
gu3timbtgyge,2625251494
gu3timbtgyge,725
haytgnbugyge,haytgnbugyge
haytgnbugyge,301
haytgnbugyge,1378234293
haytgnbugyge,2625706863
haytgnbugyge,haytgnbugyge
haytgnbugyge,301
haytgnbugyge,1378234293
haytgnbugyge,2625706863
haytgnbugyge,301
wfshum111222,wfshum111222
wfshum111222,301
wfshum111222,3765470762
wfshum111222,2823917081
wfshum111222,2823917081
wfshum111222,2824048162
wfshum111222,2824048419
wfshum111222,2823917353
wfshum111222,2824048189
wfshum111222,2823851839
wfshum111222,2823982652
wfshum111222,2823917353
wfshum111222,2823851836
wfshum111222,2823982857
wfshum111222,2824047625
wfshum111222,2824048393
wfshum111222,2823917353
wfshum111222,2823981833
wfshum111222,2823850282
wfshum111222,2625115097
wfshum111222,wfshum111222
wfshum111222,301
wfshum111222,3765470762
wfshum111222,2823917081
wfshum111222,2823917081
wfshum111222,2824048162
wfshum111222,2824048419
wfshum111222,2823917353
wfshum111222,2824048189
wfshum111222,2823851839
wfshum111222,2823982652
wfshum111222,2823917353
wfshum111222,2823851836
wfshum111222,2823982857
wfshum111222,2824047625
wfshum111222,2824048393
wfshum111222,2823917353
wfshum111222,2823981833
wfshum111222,2823850282
wfshum111222,2625115097
wfshum111222,301
wfshum111222,wfshum111222
wfshum111222,301
wfshum111222,3765470762
wfshum111222,2823917081
wfshum111222,2823917081
wfshum111222,2824048162
wfshum111222,2824048419
wfshum111222,2823917353
wfshum111222,2824048189
wfshum111222,2823851839
wfshum111222,2823982652
wfshum111222,2823917353
wfshum111222,2823851836
wfshum111222,2823982857
wfshum111222,2824047625
wfshum111222,2824048393
wfshum111222,2823917353
wfshum111222,2823981833
wfshum111222,2823850282
wfshum111222,2303275836
wfshum111222,2625115097
wfshum111222,wfshum111222
wfshum111222,301
wfshum111222,3765470762
wfshum111222,2823917081
wfshum111222,2823917081
wfshum111222,2824048162
wfshum111222,2824048419
wfshum111222,2823917353
wfshum111222,2824048189
wfshum111222,2823851839
wfshum111222,2823982652
wfshum111222,2823917353
wfshum111222,2823851836
wfshum111222,2823982857
wfshum111222,2824047625
wfshum111222,2824048393
wfshum111222,2823917353
wfshum111222,2823981833
wfshum111222,2823850282
wfshum111222,2303275836
wfshum111222,2625115097
wfshum111222,301
haitang12345,haitang12345
haitang12345,1
haitang12345,693206860
haitang12345,2625115097
haitang12345,haitang12345
haitang12345,1
haitang12345,693206860
haitang12345,2625115097
haitang12345,1
hvideoman123,hvideoman123
hvideoman123,8
hvideoman123,4007260971
hvideoman123,2624787439
hvideoman123,hvideoman123
hvideoman123,8
hvideoman123,4007260971
hvideoman123,2624787439
hvideoman123,8
dotnetcorecn,dotnetcorecn
dotnetcorecn,23
dotnetcorecn,3170575904
dotnetcorecn,2625373454
dotnetcorecn,dotnetcorecn
dotnetcorecn,23
dotnetcorecn,3170575904
dotnetcorecn,2625373454
dotnetcorecn,23
eosknightpro,eosknightpro
eosknightpro,24
eosknightpro,629987410
eosknightpro,2625251494
eosknightpro,eosknightpro
eosknightpro,24
eosknightpro,629987410
eosknightpro,2625251494
eosknightpro,24
haitang12345,haitang12345
haitang12345,2
haitang12345,693206869
haitang12345,2624654572
haitang12345,haitang12345
haitang12345,2
haitang12345,693206869
haitang12345,2624654572
haitang12345,2
gu3timbtgyge,gu3timbtgyge
gu3timbtgyge,725
gu3timbtgyge,859
gu3timbtgyge,861
gu3timbtgyge,863
gu3timbtgyge,2624203028
gu3timbtgyge,gu3timbtgyge
gu3timbtgyge,725
gu3timbtgyge,859
gu3timbtgyge,861
gu3timbtgyge,863
gu3timbtgyge,2624203028
gu3timbtgyge,725
gu3timbtgyge,gu3timbtgyge
gu3timbtgyge,725
gu3timbtgyge,859
gu3timbtgyge,861
gu3timbtgyge,863
gu3timbtgyge,1361457058
gu3timbtgyge,2624203028
gu3timbtgyge,gu3timbtgyge
gu3timbtgyge,725
gu3timbtgyge,859
gu3timbtgyge,861
gu3timbtgyge,863
gu3timbtgyge,1361457058
gu3timbtgyge,2624203028
gu3timbtgyge,725
gy4tgnbzgmge,gy4tgnbzgmge
gy4tgnbzgmge,721
gy4tgnbzgmge,6060
gy4tgnbzgmge,6063
gy4tgnbzgmge,2623612265
gy4tgnbzgmge,gy4tgnbzgmge
gy4tgnbzgmge,721
gy4tgnbzgmge,6060
gy4tgnbzgmge,6063
gy4tgnbzgmge,2623612265
gy4tgnbzgmge,721
gy4tgnbzgmge,gy4tgnbzgmge
gy4tgnbzgmge,721
gy4tgnbzgmge,6060
gy4tgnbzgmge,6063
gy4tgnbzgmge,1462054805
gy4tgnbzgmge,2623612265
gy4tgnbzgmge,gy4tgnbzgmge
gy4tgnbzgmge,721
gy4tgnbzgmge,6060
gy4tgnbzgmge,6063
gy4tgnbzgmge,1462054805
gy4tgnbzgmge,2623612265
gy4tgnbzgmge,721
vajhadiiiiin,vajhadiiiiin
vajhadiiiiin,1
vajhadiiiiin,1714563645
vajhadiiiiin,2624131926
vajhadiiiiin,vajhadiiiiin
vajhadiiiiin,1
vajhadiiiiin,1714563645
vajhadiiiiin,2624131926
vajhadiiiiin,1
hvideoman123,hvideoman123
hvideoman123,7
hvideoman123,4007260991
hvideoman123,2623999337
hvideoman123,hvideoman123
hvideoman123,7
hvideoman123,4007260991
hvideoman123,2623999337
hvideoman123,7
gu3dqmbvgmge,gu3dqmbvgmge
gu3dqmbvgmge,502
gu3dqmbvgmge,1394945955
gu3dqmbvgmge,2624266179
gu3dqmbvgmge,gu3dqmbvgmge
gu3dqmbvgmge,502
gu3dqmbvgmge,1394945955
gu3dqmbvgmge,2624266179
gu3dqmbvgmge,502
haytgnbugyge,haytgnbugyge
haytgnbugyge,301
haytgnbugyge,3781553154
haytgnbugyge,2912912677
haytgnbugyge,2912912696
haytgnbugyge,2912716575
haytgnbugyge,2912781598
haytgnbugyge,2912716547
haytgnbugyge,2912847105
haytgnbugyge,2912847360
haytgnbugyge,2912716308
haytgnbugyge,2912781844
haytgnbugyge,2912847157
haytgnbugyge,2912912405
haytgnbugyge,2912846901
haytgnbugyge,2912716574
haytgnbugyge,2624528189
haytgnbugyge,haytgnbugyge
haytgnbugyge,301
haytgnbugyge,3781553154
haytgnbugyge,2912912677
haytgnbugyge,2912912696
haytgnbugyge,2912716575
haytgnbugyge,2912781598
haytgnbugyge,2912716547
haytgnbugyge,2912847105
haytgnbugyge,2912847360
haytgnbugyge,2912716308
haytgnbugyge,2912781844
haytgnbugyge,2912847157
haytgnbugyge,2912912405
haytgnbugyge,2912846901
haytgnbugyge,2912716574
haytgnbugyge,2624528189
haytgnbugyge,301
haytgnbugyge,haytgnbugyge
haytgnbugyge,301
haytgnbugyge,3781553154
haytgnbugyge,2912912677
haytgnbugyge,2912912696
haytgnbugyge,2912716575
haytgnbugyge,2912781598
haytgnbugyge,2912716547
haytgnbugyge,2912847105
haytgnbugyge,2912847360
haytgnbugyge,2912716308
haytgnbugyge,2912781844
haytgnbugyge,2912847157
haytgnbugyge,2912912405
haytgnbugyge,2912846901
haytgnbugyge,2912716574
haytgnbugyge,1378234279
haytgnbugyge,2624528189
haytgnbugyge,haytgnbugyge
haytgnbugyge,301
haytgnbugyge,3781553154
haytgnbugyge,2912912677
haytgnbugyge,2912912696
haytgnbugyge,2912716575
haytgnbugyge,2912781598
haytgnbugyge,2912716547
haytgnbugyge,2912847105
haytgnbugyge,2912847360
haytgnbugyge,2912716308
haytgnbugyge,2912781844
haytgnbugyge,2912847157
haytgnbugyge,2912912405
haytgnbugyge,2912846901
haytgnbugyge,2912716574
haytgnbugyge,1378234279
haytgnbugyge,2624528189
haytgnbugyge,301
